INSERT INTO evaluation_grids VALUES (1,'ICT-120','2018-06-12','SI-C2a');
INSERT INTO students VALUES (8, 'Barry', 'Garrison');
INSERT INTO students VALUES (9, 'Jeremy', 'Hamilton');
INSERT INTO students VALUES (10, 'Hayes', 'Nielsen');
INSERT INTO students VALUES (11, 'Slade', 'Cherry');
INSERT INTO students VALUES (12, 'Wing', 'Mcpherson');
INSERT INTO students VALUES (13, 'Keefe', 'Odonnell');
INSERT INTO students VALUES (14, 'Reuben', 'Orr');
INSERT INTO students VALUES (15, 'Damon', 'Alvarez');
INSERT INTO students VALUES (16, 'Louis', 'Leon');
INSERT INTO students VALUES (17, 'Lucas', 'Hopkins');
INSERT INTO students VALUES (18, 'Blaze', 'Lester');
INSERT INTO students VALUES (19, 'Jonah', 'Saunders');
INSERT INTO students VALUES (20, 'Barrett', 'Wynn');
INSERT INTO students VALUES (21, 'Ray', 'Witt');
INSERT INTO students VALUES (22, 'Joel', 'Nicholson');
INSERT INTO students VALUES (23, 'Gavin', 'Oliver');
INSERT INTO students VALUES (24, 'Leonard', 'Shaffer');
INSERT INTO students VALUES (25, 'Arsenio', 'Good');

INSERT INTO questions VALUES (1, 'Menu & sous-menu');
INSERT INTO questions VALUES (2, 'Connexion');
INSERT INTO questions VALUES (3, 'Profil');
INSERT INTO questions VALUES (4, 'Document');
INSERT INTO criteria VALUES (7, 'Affichage du sous-menu au survol', 2, 1, 1);
INSERT INTO criteria VALUES (8, 'Accès à la page profile lors du clique sur l_entrée de menu', 2, 1, 1);
INSERT INTO criteria VALUES (9, 'click "Connexion": év click', 1, 1, 2);
INSERT INTO criteria VALUES (10, 'click "Connexion": Affichage des champs', 1, 1, 2);
INSERT INTO criteria VALUES (11, 'click "Connexion": code HTML des champs', 1, 1, 2);
INSERT INTO criteria VALUES (12, 'click "Connexion": Ergonomie des champs', 1, 1, 2);
INSERT INTO criteria VALUES (13, 'click sur "OK": Appelle DoLogin()', 1, 1, 2);
INSERT INTO criteria VALUES (14, ' clique "OK": Passe sur "Menu" lorsque login valide', 1, 1, 2);
INSERT INTO criteria VALUES (15, 'Validation email: sur év. submit', 1, 1, 3);
INSERT INTO criteria VALUES (16, 'Validation email: y a-t-il un @', 1, 1, 3);
INSERT INTO criteria VALUES (17, 'Validation email: entourer <LI> de rouge', 1, 1, 3);
INSERT INTO criteria VALUES (18, 'Description: sur év keypress', 1, 1, 3);
INSERT INTO criteria VALUES (19, 'Description: Calcul du nb char restant', 1, 1, 3);
INSERT INTO criteria VALUES (20, 'Description: empêcher lorsque nbchar < 0', 1, 1, 3);
INSERT INTO criteria VALUES (21, 'Zoning avec 5 zones justes', 5, 1, 4);
INSERT INTO criteria VALUES (22, 'Zone de filtre', 2, 1, 4);
INSERT INTO criteria VALUES (23, 'Zone changement', 2, 1, 4);
INSERT INTO criteria VALUES (24, 'Sélection N parmi M', 2, 1, 4);
INSERT INTO criteria VALUES (25, 'Message _Aucun_', 2, 1, 4);
INSERT INTO criteria VALUES (26, 'Respect du zoning', 1, 1, 4);
INSERT INTO criteria VALUES (27, 'Cohérence des maquettes', 1, 1, 4);
INSERT INTO criteria VALUES (28, 'Pied de page perso', 1, 1, 4);

INSERT INTO criteria_assessment (nbPoint, students_id, criteria_id) VALUES (0, 8, 7);
INSERT INTO criteria_assessment (nbPoint, students_id, criteria_id) VALUES (0, 8, 8);
INSERT INTO criteria_assessment (nbPoint, students_id, criteria_id) VALUES (1, 8, 9);
INSERT INTO criteria_assessment (nbPoint, students_id, criteria_id) VALUES (1, 8, 10);
INSERT INTO criteria_assessment (nbPoint, students_id, criteria_id) VALUES (1, 8, 11);
INSERT INTO criteria_assessment (nbPoint, students_id, criteria_id) VALUES (1, 8, 12);
INSERT INTO criteria_assessment (nbPoint, students_id, criteria_id) VALUES (1, 8, 13);
INSERT INTO criteria_assessment (nbPoint, students_id, criteria_id) VALUES (1, 8, 14);
INSERT INTO criteria_assessment (nbPoint, students_id, criteria_id) VALUES (1, 8, 15);
INSERT INTO criteria_assessment (nbPoint, students_id, criteria_id) VALUES (1, 8, 16);
INSERT INTO criteria_assessment (nbPoint, students_id, criteria_id) VALUES (1, 8, 17);
INSERT INTO criteria_assessment (nbPoint, students_id, criteria_id) VALUES (1, 8, 18);
INSERT INTO criteria_assessment (nbPoint, students_id, criteria_id) VALUES (1, 8, 19);
INSERT INTO criteria_assessment (nbPoint, students_id, criteria_id) VALUES (0, 8, 20);
INSERT INTO criteria_assessment (nbPoint, students_id, criteria_id) VALUES (5, 8, 21);
INSERT INTO criteria_assessment (nbPoint, students_id, criteria_id) VALUES (0, 8, 22);
INSERT INTO criteria_assessment (nbPoint, students_id, criteria_id) VALUES (0, 8, 23);
INSERT INTO criteria_assessment (nbPoint, students_id, criteria_id) VALUES (0, 8, 24);
INSERT INTO criteria_assessment (nbPoint, students_id, criteria_id) VALUES (0, 8, 25);
INSERT INTO criteria_assessment (nbPoint, students_id, criteria_id) VALUES (1, 8, 26);
INSERT INTO criteria_assessment (nbPoint, students_id, criteria_id) VALUES (1, 8, 27);
INSERT INTO criteria_assessment (nbPoint, students_id, criteria_id) VALUES (0, 8, 28);
INSERT INTO criteria_assessment (nbPoint, students_id, criteria_id) VALUES (0, 9, 7);
INSERT INTO criteria_assessment (nbPoint, students_id, criteria_id) VALUES (0, 9, 8);
INSERT INTO criteria_assessment (nbPoint, students_id, criteria_id) VALUES (1, 9, 9);
INSERT INTO criteria_assessment (nbPoint, students_id, criteria_id) VALUES (1, 9, 10);
INSERT INTO criteria_assessment (nbPoint, students_id, criteria_id) VALUES (1, 9, 11);
INSERT INTO criteria_assessment (nbPoint, students_id, criteria_id) VALUES (1, 9, 12);
INSERT INTO criteria_assessment (nbPoint, students_id, criteria_id) VALUES (1, 9, 13);
INSERT INTO criteria_assessment (nbPoint, students_id, criteria_id) VALUES (0, 9, 14);
INSERT INTO criteria_assessment (nbPoint, students_id, criteria_id) VALUES (0, 9, 15);
INSERT INTO criteria_assessment (nbPoint, students_id, criteria_id) VALUES (0, 9, 16);
INSERT INTO criteria_assessment (nbPoint, students_id, criteria_id) VALUES (0, 9, 17);
INSERT INTO criteria_assessment (nbPoint, students_id, criteria_id) VALUES (0, 9, 18);
INSERT INTO criteria_assessment (nbPoint, students_id, criteria_id) VALUES (0, 9, 19);
INSERT INTO criteria_assessment (nbPoint, students_id, criteria_id) VALUES (0, 9, 20);
INSERT INTO criteria_assessment (nbPoint, students_id, criteria_id) VALUES (4, 9, 21);
INSERT INTO criteria_assessment (nbPoint, students_id, criteria_id) VALUES (0, 9, 22);
INSERT INTO criteria_assessment (nbPoint, students_id, criteria_id) VALUES (0, 9, 23);
INSERT INTO criteria_assessment (nbPoint, students_id, criteria_id) VALUES (0, 9, 24);
INSERT INTO criteria_assessment (nbPoint, students_id, criteria_id) VALUES (1, 9, 25);
INSERT INTO criteria_assessment (nbPoint, students_id, criteria_id) VALUES (1, 9, 26);
INSERT INTO criteria_assessment (nbPoint, students_id, criteria_id) VALUES (1, 9, 27);
INSERT INTO criteria_assessment (nbPoint, students_id, criteria_id) VALUES (1, 9, 28);
INSERT INTO criteria_assessment (nbPoint, students_id, criteria_id) VALUES (2, 10, 7);
INSERT INTO criteria_assessment (nbPoint, students_id, criteria_id) VALUES (2, 10, 8);
INSERT INTO criteria_assessment (nbPoint, students_id, criteria_id) VALUES (1, 10, 9);
INSERT INTO criteria_assessment (nbPoint, students_id, criteria_id) VALUES (1, 10, 10);
INSERT INTO criteria_assessment (nbPoint, students_id, criteria_id) VALUES (1, 10, 11);
INSERT INTO criteria_assessment (nbPoint, students_id, criteria_id) VALUES (1, 10, 12);
INSERT INTO criteria_assessment (nbPoint, students_id, criteria_id) VALUES (0, 10, 13);
INSERT INTO criteria_assessment (nbPoint, students_id, criteria_id) VALUES (0, 10, 14);
INSERT INTO criteria_assessment (nbPoint, students_id, criteria_id) VALUES (1, 10, 15);
INSERT INTO criteria_assessment (nbPoint, students_id, criteria_id) VALUES (1, 10, 16);
INSERT INTO criteria_assessment (nbPoint, students_id, criteria_id) VALUES (1, 10, 17);
INSERT INTO criteria_assessment (nbPoint, students_id, criteria_id) VALUES (0, 10, 18);
INSERT INTO criteria_assessment (nbPoint, students_id, criteria_id) VALUES (1, 10, 19);
INSERT INTO criteria_assessment (nbPoint, students_id, criteria_id) VALUES (0, 10, 20);
INSERT INTO criteria_assessment (nbPoint, students_id, criteria_id) VALUES (5, 10, 21);
INSERT INTO criteria_assessment (nbPoint, students_id, criteria_id) VALUES (1, 10, 22);
INSERT INTO criteria_assessment (nbPoint, students_id, criteria_id) VALUES (0, 10, 23);
INSERT INTO criteria_assessment (nbPoint, students_id, criteria_id) VALUES (0, 10, 24);
INSERT INTO criteria_assessment (nbPoint, students_id, criteria_id) VALUES (2, 10, 25);
INSERT INTO criteria_assessment (nbPoint, students_id, criteria_id) VALUES (1, 10, 26);
INSERT INTO criteria_assessment (nbPoint, students_id, criteria_id) VALUES (1, 10, 27);
INSERT INTO criteria_assessment (nbPoint, students_id, criteria_id) VALUES (1, 10, 28);
INSERT INTO criteria_assessment (nbPoint, students_id, criteria_id) VALUES (0, 11, 7);
INSERT INTO criteria_assessment (nbPoint, students_id, criteria_id) VALUES (0, 11, 8);
INSERT INTO criteria_assessment (nbPoint, students_id, criteria_id) VALUES (1, 11, 9);
INSERT INTO criteria_assessment (nbPoint, students_id, criteria_id) VALUES (1, 11, 10);
INSERT INTO criteria_assessment (nbPoint, students_id, criteria_id) VALUES (1, 11, 11);
INSERT INTO criteria_assessment (nbPoint, students_id, criteria_id) VALUES (1, 11, 12);
INSERT INTO criteria_assessment (nbPoint, students_id, criteria_id) VALUES (0, 11, 13);
INSERT INTO criteria_assessment (nbPoint, students_id, criteria_id) VALUES (0, 11, 14);
INSERT INTO criteria_assessment (nbPoint, students_id, criteria_id) VALUES (0, 11, 15);
INSERT INTO criteria_assessment (nbPoint, students_id, criteria_id) VALUES (0, 11, 16);
INSERT INTO criteria_assessment (nbPoint, students_id, criteria_id) VALUES (0, 11, 17);
INSERT INTO criteria_assessment (nbPoint, students_id, criteria_id) VALUES (0, 11, 18);
INSERT INTO criteria_assessment (nbPoint, students_id, criteria_id) VALUES (0, 11, 19);
INSERT INTO criteria_assessment (nbPoint, students_id, criteria_id) VALUES (0, 11, 20);
INSERT INTO criteria_assessment (nbPoint, students_id, criteria_id) VALUES (2, 11, 21);
INSERT INTO criteria_assessment (nbPoint, students_id, criteria_id) VALUES (0, 11, 22);
INSERT INTO criteria_assessment (nbPoint, students_id, criteria_id) VALUES (0, 11, 23);
INSERT INTO criteria_assessment (nbPoint, students_id, criteria_id) VALUES (0, 11, 24);
INSERT INTO criteria_assessment (nbPoint, students_id, criteria_id) VALUES (1, 11, 25);
INSERT INTO criteria_assessment (nbPoint, students_id, criteria_id) VALUES (1, 11, 26);
INSERT INTO criteria_assessment (nbPoint, students_id, criteria_id) VALUES (1, 11, 27);
INSERT INTO criteria_assessment (nbPoint, students_id, criteria_id) VALUES (1, 11, 28);
INSERT INTO criteria_assessment (nbPoint, students_id, criteria_id) VALUES (2, 12, 7);
INSERT INTO criteria_assessment (nbPoint, students_id, criteria_id) VALUES (0, 12, 8);
INSERT INTO criteria_assessment (nbPoint, students_id, criteria_id) VALUES (0.5, 12, 9);
INSERT INTO criteria_assessment (nbPoint, students_id, criteria_id) VALUES (0, 12, 10);
INSERT INTO criteria_assessment (nbPoint, students_id, criteria_id) VALUES (1, 12, 11);
INSERT INTO criteria_assessment (nbPoint, students_id, criteria_id) VALUES (1, 12, 12);
INSERT INTO criteria_assessment (nbPoint, students_id, criteria_id) VALUES (0, 12, 13);
INSERT INTO criteria_assessment (nbPoint, students_id, criteria_id) VALUES (0, 12, 14);
INSERT INTO criteria_assessment (nbPoint, students_id, criteria_id) VALUES (0, 12, 15);
INSERT INTO criteria_assessment (nbPoint, students_id, criteria_id) VALUES (0, 12, 16);
INSERT INTO criteria_assessment (nbPoint, students_id, criteria_id) VALUES (0, 12, 17);
INSERT INTO criteria_assessment (nbPoint, students_id, criteria_id) VALUES (0, 12, 18);
INSERT INTO criteria_assessment (nbPoint, students_id, criteria_id) VALUES (0, 12, 19);
INSERT INTO criteria_assessment (nbPoint, students_id, criteria_id) VALUES (0, 12, 20);
INSERT INTO criteria_assessment (nbPoint, students_id, criteria_id) VALUES (5, 12, 21);
INSERT INTO criteria_assessment (nbPoint, students_id, criteria_id) VALUES (1, 12, 22);
INSERT INTO criteria_assessment (nbPoint, students_id, criteria_id) VALUES (0, 12, 23);
INSERT INTO criteria_assessment (nbPoint, students_id, criteria_id) VALUES (0, 12, 24);
INSERT INTO criteria_assessment (nbPoint, students_id, criteria_id) VALUES (2, 12, 25);
INSERT INTO criteria_assessment (nbPoint, students_id, criteria_id) VALUES (1, 12, 26);
INSERT INTO criteria_assessment (nbPoint, students_id, criteria_id) VALUES (1, 12, 27);
INSERT INTO criteria_assessment (nbPoint, students_id, criteria_id) VALUES (1, 12, 28);
INSERT INTO criteria_assessment (nbPoint, students_id, criteria_id) VALUES (0, 13, 7);
INSERT INTO criteria_assessment (nbPoint, students_id, criteria_id) VALUES (0, 13, 8);
INSERT INTO criteria_assessment (nbPoint, students_id, criteria_id) VALUES (1, 13, 9);
INSERT INTO criteria_assessment (nbPoint, students_id, criteria_id) VALUES (1, 13, 10);
INSERT INTO criteria_assessment (nbPoint, students_id, criteria_id) VALUES (1, 13, 11);
INSERT INTO criteria_assessment (nbPoint, students_id, criteria_id) VALUES (0.5, 13, 12);
INSERT INTO criteria_assessment (nbPoint, students_id, criteria_id) VALUES (0, 13, 13);
INSERT INTO criteria_assessment (nbPoint, students_id, criteria_id) VALUES (0, 13, 14);
INSERT INTO criteria_assessment (nbPoint, students_id, criteria_id) VALUES (0.5, 13, 15);
INSERT INTO criteria_assessment (nbPoint, students_id, criteria_id) VALUES (1, 13, 16);
INSERT INTO criteria_assessment (nbPoint, students_id, criteria_id) VALUES (0, 13, 17);
INSERT INTO criteria_assessment (nbPoint, students_id, criteria_id) VALUES (0, 13, 18);
INSERT INTO criteria_assessment (nbPoint, students_id, criteria_id) VALUES (0, 13, 19);
INSERT INTO criteria_assessment (nbPoint, students_id, criteria_id) VALUES (0, 13, 20);
INSERT INTO criteria_assessment (nbPoint, students_id, criteria_id) VALUES (5, 13, 21);
INSERT INTO criteria_assessment (nbPoint, students_id, criteria_id) VALUES (2, 13, 22);
INSERT INTO criteria_assessment (nbPoint, students_id, criteria_id) VALUES (0, 13, 23);
INSERT INTO criteria_assessment (nbPoint, students_id, criteria_id) VALUES (2, 13, 24);
INSERT INTO criteria_assessment (nbPoint, students_id, criteria_id) VALUES (0, 13, 25);
INSERT INTO criteria_assessment (nbPoint, students_id, criteria_id) VALUES (1, 13, 26);
INSERT INTO criteria_assessment (nbPoint, students_id, criteria_id) VALUES (1, 13, 27);
INSERT INTO criteria_assessment (nbPoint, students_id, criteria_id) VALUES (1, 13, 28);
INSERT INTO criteria_assessment (nbPoint, students_id, criteria_id) VALUES (1.5, 14, 7);
INSERT INTO criteria_assessment (nbPoint, students_id, criteria_id) VALUES (2, 14, 8);
INSERT INTO criteria_assessment (nbPoint, students_id, criteria_id) VALUES (1, 14, 9);
INSERT INTO criteria_assessment (nbPoint, students_id, criteria_id) VALUES (1, 14, 10);
INSERT INTO criteria_assessment (nbPoint, students_id, criteria_id) VALUES (1, 14, 11);
INSERT INTO criteria_assessment (nbPoint, students_id, criteria_id) VALUES (0.5, 14, 12);
INSERT INTO criteria_assessment (nbPoint, students_id, criteria_id) VALUES (1, 14, 13);
INSERT INTO criteria_assessment (nbPoint, students_id, criteria_id) VALUES (1, 14, 14);
INSERT INTO criteria_assessment (nbPoint, students_id, criteria_id) VALUES (1, 14, 15);
INSERT INTO criteria_assessment (nbPoint, students_id, criteria_id) VALUES (1, 14, 16);
INSERT INTO criteria_assessment (nbPoint, students_id, criteria_id) VALUES (1, 14, 17);
INSERT INTO criteria_assessment (nbPoint, students_id, criteria_id) VALUES (1, 14, 18);
INSERT INTO criteria_assessment (nbPoint, students_id, criteria_id) VALUES (1, 14, 19);
INSERT INTO criteria_assessment (nbPoint, students_id, criteria_id) VALUES (0, 14, 20);
INSERT INTO criteria_assessment (nbPoint, students_id, criteria_id) VALUES (4, 14, 21);
INSERT INTO criteria_assessment (nbPoint, students_id, criteria_id) VALUES (0, 14, 22);
INSERT INTO criteria_assessment (nbPoint, students_id, criteria_id) VALUES (0, 14, 23);
INSERT INTO criteria_assessment (nbPoint, students_id, criteria_id) VALUES (1, 14, 24);
INSERT INTO criteria_assessment (nbPoint, students_id, criteria_id) VALUES (0, 14, 25);
INSERT INTO criteria_assessment (nbPoint, students_id, criteria_id) VALUES (1, 14, 26);
INSERT INTO criteria_assessment (nbPoint, students_id, criteria_id) VALUES (1, 14, 27);
INSERT INTO criteria_assessment (nbPoint, students_id, criteria_id) VALUES (1, 14, 28);
INSERT INTO criteria_assessment (nbPoint, students_id, criteria_id) VALUES (0, 15, 7);
INSERT INTO criteria_assessment (nbPoint, students_id, criteria_id) VALUES (0, 15, 8);
INSERT INTO criteria_assessment (nbPoint, students_id, criteria_id) VALUES (1, 15, 9);
INSERT INTO criteria_assessment (nbPoint, students_id, criteria_id) VALUES (1, 15, 10);
INSERT INTO criteria_assessment (nbPoint, students_id, criteria_id) VALUES (1, 15, 11);
INSERT INTO criteria_assessment (nbPoint, students_id, criteria_id) VALUES (1, 15, 12);
INSERT INTO criteria_assessment (nbPoint, students_id, criteria_id) VALUES (0, 15, 13);
INSERT INTO criteria_assessment (nbPoint, students_id, criteria_id) VALUES (0, 15, 14);
INSERT INTO criteria_assessment (nbPoint, students_id, criteria_id) VALUES (0.5, 15, 15);
INSERT INTO criteria_assessment (nbPoint, students_id, criteria_id) VALUES (1, 15, 16);
INSERT INTO criteria_assessment (nbPoint, students_id, criteria_id) VALUES (0.5, 15, 17);
INSERT INTO criteria_assessment (nbPoint, students_id, criteria_id) VALUES (0, 15, 18);
INSERT INTO criteria_assessment (nbPoint, students_id, criteria_id) VALUES (0, 15, 19);
INSERT INTO criteria_assessment (nbPoint, students_id, criteria_id) VALUES (0, 15, 20);
INSERT INTO criteria_assessment (nbPoint, students_id, criteria_id) VALUES (2, 15, 21);
INSERT INTO criteria_assessment (nbPoint, students_id, criteria_id) VALUES (0, 15, 22);
INSERT INTO criteria_assessment (nbPoint, students_id, criteria_id) VALUES (0, 15, 23);
INSERT INTO criteria_assessment (nbPoint, students_id, criteria_id) VALUES (1, 15, 24);
INSERT INTO criteria_assessment (nbPoint, students_id, criteria_id) VALUES (0, 15, 25);
INSERT INTO criteria_assessment (nbPoint, students_id, criteria_id) VALUES (1, 15, 26);
INSERT INTO criteria_assessment (nbPoint, students_id, criteria_id) VALUES (1, 15, 27);
INSERT INTO criteria_assessment (nbPoint, students_id, criteria_id) VALUES (1, 15, 28);
INSERT INTO criteria_assessment (nbPoint, students_id, criteria_id) VALUES (0, 16, 7);
INSERT INTO criteria_assessment (nbPoint, students_id, criteria_id) VALUES (0, 16, 8);
INSERT INTO criteria_assessment (nbPoint, students_id, criteria_id) VALUES (1, 16, 9);
INSERT INTO criteria_assessment (nbPoint, students_id, criteria_id) VALUES (0, 16, 10);
INSERT INTO criteria_assessment (nbPoint, students_id, criteria_id) VALUES (0, 16, 11);
INSERT INTO criteria_assessment (nbPoint, students_id, criteria_id) VALUES (0, 16, 12);
INSERT INTO criteria_assessment (nbPoint, students_id, criteria_id) VALUES (0, 16, 13);
INSERT INTO criteria_assessment (nbPoint, students_id, criteria_id) VALUES (0, 16, 14);
INSERT INTO criteria_assessment (nbPoint, students_id, criteria_id) VALUES (0, 16, 15);
INSERT INTO criteria_assessment (nbPoint, students_id, criteria_id) VALUES (0, 16, 16);
INSERT INTO criteria_assessment (nbPoint, students_id, criteria_id) VALUES (0, 16, 17);
INSERT INTO criteria_assessment (nbPoint, students_id, criteria_id) VALUES (0, 16, 18);
INSERT INTO criteria_assessment (nbPoint, students_id, criteria_id) VALUES (0, 16, 19);
INSERT INTO criteria_assessment (nbPoint, students_id, criteria_id) VALUES (0, 16, 20);
INSERT INTO criteria_assessment (nbPoint, students_id, criteria_id) VALUES (5, 16, 21);
INSERT INTO criteria_assessment (nbPoint, students_id, criteria_id) VALUES (2, 16, 22);
INSERT INTO criteria_assessment (nbPoint, students_id, criteria_id) VALUES (1, 16, 23);
INSERT INTO criteria_assessment (nbPoint, students_id, criteria_id) VALUES (1, 16, 24);
INSERT INTO criteria_assessment (nbPoint, students_id, criteria_id) VALUES (2, 16, 25);
INSERT INTO criteria_assessment (nbPoint, students_id, criteria_id) VALUES (1, 16, 26);
INSERT INTO criteria_assessment (nbPoint, students_id, criteria_id) VALUES (1, 16, 27);
INSERT INTO criteria_assessment (nbPoint, students_id, criteria_id) VALUES (0, 16, 28);
INSERT INTO criteria_assessment (nbPoint, students_id, criteria_id) VALUES (0, 17, 7);
INSERT INTO criteria_assessment (nbPoint, students_id, criteria_id) VALUES (0, 17, 8);
INSERT INTO criteria_assessment (nbPoint, students_id, criteria_id) VALUES (1, 17, 9);
INSERT INTO criteria_assessment (nbPoint, students_id, criteria_id) VALUES (1, 17, 10);
INSERT INTO criteria_assessment (nbPoint, students_id, criteria_id) VALUES (1, 17, 11);
INSERT INTO criteria_assessment (nbPoint, students_id, criteria_id) VALUES (1, 17, 12);
INSERT INTO criteria_assessment (nbPoint, students_id, criteria_id) VALUES (1, 17, 13);
INSERT INTO criteria_assessment (nbPoint, students_id, criteria_id) VALUES (1, 17, 14);
INSERT INTO criteria_assessment (nbPoint, students_id, criteria_id) VALUES (0, 17, 15);
INSERT INTO criteria_assessment (nbPoint, students_id, criteria_id) VALUES (0, 17, 16);
INSERT INTO criteria_assessment (nbPoint, students_id, criteria_id) VALUES (0, 17, 17);
INSERT INTO criteria_assessment (nbPoint, students_id, criteria_id) VALUES (0, 17, 18);
INSERT INTO criteria_assessment (nbPoint, students_id, criteria_id) VALUES (0, 17, 19);
INSERT INTO criteria_assessment (nbPoint, students_id, criteria_id) VALUES (0, 17, 20);
INSERT INTO criteria_assessment (nbPoint, students_id, criteria_id) VALUES (5, 17, 21);
INSERT INTO criteria_assessment (nbPoint, students_id, criteria_id) VALUES (2, 17, 22);
INSERT INTO criteria_assessment (nbPoint, students_id, criteria_id) VALUES (2, 17, 23);
INSERT INTO criteria_assessment (nbPoint, students_id, criteria_id) VALUES (1, 17, 24);
INSERT INTO criteria_assessment (nbPoint, students_id, criteria_id) VALUES (2, 17, 25);
INSERT INTO criteria_assessment (nbPoint, students_id, criteria_id) VALUES (1, 17, 26);
INSERT INTO criteria_assessment (nbPoint, students_id, criteria_id) VALUES (1, 17, 27);
INSERT INTO criteria_assessment (nbPoint, students_id, criteria_id) VALUES (1, 17, 28);
INSERT INTO criteria_assessment (nbPoint, students_id, criteria_id) VALUES (2, 18, 7);
INSERT INTO criteria_assessment (nbPoint, students_id, criteria_id) VALUES (2, 18, 8);
INSERT INTO criteria_assessment (nbPoint, students_id, criteria_id) VALUES (1, 18, 9);
INSERT INTO criteria_assessment (nbPoint, students_id, criteria_id) VALUES (1, 18, 10);
INSERT INTO criteria_assessment (nbPoint, students_id, criteria_id) VALUES (1, 18, 11);
INSERT INTO criteria_assessment (nbPoint, students_id, criteria_id) VALUES (1, 18, 12);
INSERT INTO criteria_assessment (nbPoint, students_id, criteria_id) VALUES (1, 18, 13);
INSERT INTO criteria_assessment (nbPoint, students_id, criteria_id) VALUES (1, 18, 14);
INSERT INTO criteria_assessment (nbPoint, students_id, criteria_id) VALUES (1, 18, 15);
INSERT INTO criteria_assessment (nbPoint, students_id, criteria_id) VALUES (1, 18, 16);
INSERT INTO criteria_assessment (nbPoint, students_id, criteria_id) VALUES (1, 18, 17);
INSERT INTO criteria_assessment (nbPoint, students_id, criteria_id) VALUES (0.5, 18, 18);
INSERT INTO criteria_assessment (nbPoint, students_id, criteria_id) VALUES (1, 18, 19);
INSERT INTO criteria_assessment (nbPoint, students_id, criteria_id) VALUES (0, 18, 20);
INSERT INTO criteria_assessment (nbPoint, students_id, criteria_id) VALUES (4, 18, 21);
INSERT INTO criteria_assessment (nbPoint, students_id, criteria_id) VALUES (2, 18, 22);
INSERT INTO criteria_assessment (nbPoint, students_id, criteria_id) VALUES (1, 18, 23);
INSERT INTO criteria_assessment (nbPoint, students_id, criteria_id) VALUES (0, 18, 24);
INSERT INTO criteria_assessment (nbPoint, students_id, criteria_id) VALUES (2, 18, 25);
INSERT INTO criteria_assessment (nbPoint, students_id, criteria_id) VALUES (1, 18, 26);
INSERT INTO criteria_assessment (nbPoint, students_id, criteria_id) VALUES (1, 18, 27);
INSERT INTO criteria_assessment (nbPoint, students_id, criteria_id) VALUES (1, 18, 28);
INSERT INTO criteria_assessment (nbPoint, students_id, criteria_id) VALUES (0, 19, 7);
INSERT INTO criteria_assessment (nbPoint, students_id, criteria_id) VALUES (0, 19, 8);
INSERT INTO criteria_assessment (nbPoint, students_id, criteria_id) VALUES (1, 19, 9);
INSERT INTO criteria_assessment (nbPoint, students_id, criteria_id) VALUES (1, 19, 10);
INSERT INTO criteria_assessment (nbPoint, students_id, criteria_id) VALUES (1, 19, 11);
INSERT INTO criteria_assessment (nbPoint, students_id, criteria_id) VALUES (1, 19, 12);
INSERT INTO criteria_assessment (nbPoint, students_id, criteria_id) VALUES (1, 19, 13);
INSERT INTO criteria_assessment (nbPoint, students_id, criteria_id) VALUES (1, 19, 14);
INSERT INTO criteria_assessment (nbPoint, students_id, criteria_id) VALUES (1, 19, 15);
INSERT INTO criteria_assessment (nbPoint, students_id, criteria_id) VALUES (0, 19, 16);
INSERT INTO criteria_assessment (nbPoint, students_id, criteria_id) VALUES (0, 19, 17);
INSERT INTO criteria_assessment (nbPoint, students_id, criteria_id) VALUES (0.5, 19, 18);
INSERT INTO criteria_assessment (nbPoint, students_id, criteria_id) VALUES (1, 19, 19);
INSERT INTO criteria_assessment (nbPoint, students_id, criteria_id) VALUES (0, 19, 20);
INSERT INTO criteria_assessment (nbPoint, students_id, criteria_id) VALUES (5, 19, 21);
INSERT INTO criteria_assessment (nbPoint, students_id, criteria_id) VALUES (2, 19, 22);
INSERT INTO criteria_assessment (nbPoint, students_id, criteria_id) VALUES (0, 19, 23);
INSERT INTO criteria_assessment (nbPoint, students_id, criteria_id) VALUES (0, 19, 24);
INSERT INTO criteria_assessment (nbPoint, students_id, criteria_id) VALUES (0, 19, 25);
INSERT INTO criteria_assessment (nbPoint, students_id, criteria_id) VALUES (1, 19, 26);
INSERT INTO criteria_assessment (nbPoint, students_id, criteria_id) VALUES (1, 19, 27);
INSERT INTO criteria_assessment (nbPoint, students_id, criteria_id) VALUES (1, 19, 28);
INSERT INTO criteria_assessment (nbPoint, students_id, criteria_id) VALUES (0, 20, 7);
INSERT INTO criteria_assessment (nbPoint, students_id, criteria_id) VALUES (0, 20, 8);
INSERT INTO criteria_assessment (nbPoint, students_id, criteria_id) VALUES (1, 20, 9);
INSERT INTO criteria_assessment (nbPoint, students_id, criteria_id) VALUES (1, 20, 10);
INSERT INTO criteria_assessment (nbPoint, students_id, criteria_id) VALUES (1, 20, 11);
INSERT INTO criteria_assessment (nbPoint, students_id, criteria_id) VALUES (1, 20, 12);
INSERT INTO criteria_assessment (nbPoint, students_id, criteria_id) VALUES (0, 20, 13);
INSERT INTO criteria_assessment (nbPoint, students_id, criteria_id) VALUES (0, 20, 14);
INSERT INTO criteria_assessment (nbPoint, students_id, criteria_id) VALUES (0.5, 20, 15);
INSERT INTO criteria_assessment (nbPoint, students_id, criteria_id) VALUES (1, 20, 16);
INSERT INTO criteria_assessment (nbPoint, students_id, criteria_id) VALUES (0, 20, 17);
INSERT INTO criteria_assessment (nbPoint, students_id, criteria_id) VALUES (0, 20, 18);
INSERT INTO criteria_assessment (nbPoint, students_id, criteria_id) VALUES (0, 20, 19);
INSERT INTO criteria_assessment (nbPoint, students_id, criteria_id) VALUES (0, 20, 20);
INSERT INTO criteria_assessment (nbPoint, students_id, criteria_id) VALUES (3, 20, 21);
INSERT INTO criteria_assessment (nbPoint, students_id, criteria_id) VALUES (1, 20, 22);
INSERT INTO criteria_assessment (nbPoint, students_id, criteria_id) VALUES (0, 20, 23);
INSERT INTO criteria_assessment (nbPoint, students_id, criteria_id) VALUES (0, 20, 24);
INSERT INTO criteria_assessment (nbPoint, students_id, criteria_id) VALUES (2, 20, 25);
INSERT INTO criteria_assessment (nbPoint, students_id, criteria_id) VALUES (1, 20, 26);
INSERT INTO criteria_assessment (nbPoint, students_id, criteria_id) VALUES (1, 20, 27);
INSERT INTO criteria_assessment (nbPoint, students_id, criteria_id) VALUES (1, 20, 28);
INSERT INTO criteria_assessment (nbPoint, students_id, criteria_id) VALUES (0, 21, 7);
INSERT INTO criteria_assessment (nbPoint, students_id, criteria_id) VALUES (0, 21, 8);
INSERT INTO criteria_assessment (nbPoint, students_id, criteria_id) VALUES (0, 21, 9);
INSERT INTO criteria_assessment (nbPoint, students_id, criteria_id) VALUES (0, 21, 10);
INSERT INTO criteria_assessment (nbPoint, students_id, criteria_id) VALUES (0, 21, 11);
INSERT INTO criteria_assessment (nbPoint, students_id, criteria_id) VALUES (0, 21, 12);
INSERT INTO criteria_assessment (nbPoint, students_id, criteria_id) VALUES (0, 21, 13);
INSERT INTO criteria_assessment (nbPoint, students_id, criteria_id) VALUES (0, 21, 14);
INSERT INTO criteria_assessment (nbPoint, students_id, criteria_id) VALUES (0, 21, 15);
INSERT INTO criteria_assessment (nbPoint, students_id, criteria_id) VALUES (1, 21, 16);
INSERT INTO criteria_assessment (nbPoint, students_id, criteria_id) VALUES (0, 21, 17);
INSERT INTO criteria_assessment (nbPoint, students_id, criteria_id) VALUES (0, 21, 18);
INSERT INTO criteria_assessment (nbPoint, students_id, criteria_id) VALUES (0, 21, 19);
INSERT INTO criteria_assessment (nbPoint, students_id, criteria_id) VALUES (0, 21, 20);
INSERT INTO criteria_assessment (nbPoint, students_id, criteria_id) VALUES (3, 21, 21);
INSERT INTO criteria_assessment (nbPoint, students_id, criteria_id) VALUES (1, 21, 22);
INSERT INTO criteria_assessment (nbPoint, students_id, criteria_id) VALUES (1, 21, 23);
INSERT INTO criteria_assessment (nbPoint, students_id, criteria_id) VALUES (2, 21, 24);
INSERT INTO criteria_assessment (nbPoint, students_id, criteria_id) VALUES (2, 21, 25);
INSERT INTO criteria_assessment (nbPoint, students_id, criteria_id) VALUES (0, 21, 26);
INSERT INTO criteria_assessment (nbPoint, students_id, criteria_id) VALUES (0, 21, 27);
INSERT INTO criteria_assessment (nbPoint, students_id, criteria_id) VALUES (1, 21, 28);
INSERT INTO criteria_assessment (nbPoint, students_id, criteria_id) VALUES (0, 22, 7);
INSERT INTO criteria_assessment (nbPoint, students_id, criteria_id) VALUES (0, 22, 8);
INSERT INTO criteria_assessment (nbPoint, students_id, criteria_id) VALUES (1, 22, 9);
INSERT INTO criteria_assessment (nbPoint, students_id, criteria_id) VALUES (1, 22, 10);
INSERT INTO criteria_assessment (nbPoint, students_id, criteria_id) VALUES (1, 22, 11);
INSERT INTO criteria_assessment (nbPoint, students_id, criteria_id) VALUES (1, 22, 12);
INSERT INTO criteria_assessment (nbPoint, students_id, criteria_id) VALUES (0, 22, 13);
INSERT INTO criteria_assessment (nbPoint, students_id, criteria_id) VALUES (0, 22, 14);
INSERT INTO criteria_assessment (nbPoint, students_id, criteria_id) VALUES (0.5, 22, 15);
INSERT INTO criteria_assessment (nbPoint, students_id, criteria_id) VALUES (1, 22, 16);
INSERT INTO criteria_assessment (nbPoint, students_id, criteria_id) VALUES (1, 22, 17);
INSERT INTO criteria_assessment (nbPoint, students_id, criteria_id) VALUES (1, 22, 18);
INSERT INTO criteria_assessment (nbPoint, students_id, criteria_id) VALUES (1, 22, 19);
INSERT INTO criteria_assessment (nbPoint, students_id, criteria_id) VALUES (0, 22, 20);
INSERT INTO criteria_assessment (nbPoint, students_id, criteria_id) VALUES (0, 22, 21);
INSERT INTO criteria_assessment (nbPoint, students_id, criteria_id) VALUES (0, 22, 22);
INSERT INTO criteria_assessment (nbPoint, students_id, criteria_id) VALUES (0, 22, 23);
INSERT INTO criteria_assessment (nbPoint, students_id, criteria_id) VALUES (0, 22, 24);
INSERT INTO criteria_assessment (nbPoint, students_id, criteria_id) VALUES (0, 22, 25);
INSERT INTO criteria_assessment (nbPoint, students_id, criteria_id) VALUES (0, 22, 26);
INSERT INTO criteria_assessment (nbPoint, students_id, criteria_id) VALUES (0, 22, 27);
INSERT INTO criteria_assessment (nbPoint, students_id, criteria_id) VALUES (1, 22, 28);
INSERT INTO criteria_assessment (nbPoint, students_id, criteria_id) VALUES (0, 23, 7);
INSERT INTO criteria_assessment (nbPoint, students_id, criteria_id) VALUES (0, 23, 8);
INSERT INTO criteria_assessment (nbPoint, students_id, criteria_id) VALUES (1, 23, 9);
INSERT INTO criteria_assessment (nbPoint, students_id, criteria_id) VALUES (1, 23, 10);
INSERT INTO criteria_assessment (nbPoint, students_id, criteria_id) VALUES (0.5, 23, 11);
INSERT INTO criteria_assessment (nbPoint, students_id, criteria_id) VALUES (0, 23, 12);
INSERT INTO criteria_assessment (nbPoint, students_id, criteria_id) VALUES (0, 23, 13);
INSERT INTO criteria_assessment (nbPoint, students_id, criteria_id) VALUES (0, 23, 14);
INSERT INTO criteria_assessment (nbPoint, students_id, criteria_id) VALUES (0, 23, 15);
INSERT INTO criteria_assessment (nbPoint, students_id, criteria_id) VALUES (1, 23, 16);
INSERT INTO criteria_assessment (nbPoint, students_id, criteria_id) VALUES (0, 23, 17);
INSERT INTO criteria_assessment (nbPoint, students_id, criteria_id) VALUES (0, 23, 18);
INSERT INTO criteria_assessment (nbPoint, students_id, criteria_id) VALUES (0, 23, 19);
INSERT INTO criteria_assessment (nbPoint, students_id, criteria_id) VALUES (0, 23, 20);
INSERT INTO criteria_assessment (nbPoint, students_id, criteria_id) VALUES (3, 23, 21);
INSERT INTO criteria_assessment (nbPoint, students_id, criteria_id) VALUES (2, 23, 22);
INSERT INTO criteria_assessment (nbPoint, students_id, criteria_id) VALUES (1, 23, 23);
INSERT INTO criteria_assessment (nbPoint, students_id, criteria_id) VALUES (2, 23, 24);
INSERT INTO criteria_assessment (nbPoint, students_id, criteria_id) VALUES (2, 23, 25);
INSERT INTO criteria_assessment (nbPoint, students_id, criteria_id) VALUES (1, 23, 26);
INSERT INTO criteria_assessment (nbPoint, students_id, criteria_id) VALUES (1, 23, 27);
INSERT INTO criteria_assessment (nbPoint, students_id, criteria_id) VALUES (0, 23, 28);
INSERT INTO criteria_assessment (nbPoint, students_id, criteria_id) VALUES (0, 24, 7);
INSERT INTO criteria_assessment (nbPoint, students_id, criteria_id) VALUES (0, 24, 8);
INSERT INTO criteria_assessment (nbPoint, students_id, criteria_id) VALUES (1, 24, 9);
INSERT INTO criteria_assessment (nbPoint, students_id, criteria_id) VALUES (1, 24, 10);
INSERT INTO criteria_assessment (nbPoint, students_id, criteria_id) VALUES (1, 24, 11);
INSERT INTO criteria_assessment (nbPoint, students_id, criteria_id) VALUES (1, 24, 12);
INSERT INTO criteria_assessment (nbPoint, students_id, criteria_id) VALUES (0, 24, 13);
INSERT INTO criteria_assessment (nbPoint, students_id, criteria_id) VALUES (0, 24, 14);
INSERT INTO criteria_assessment (nbPoint, students_id, criteria_id) VALUES (0.5, 24, 15);
INSERT INTO criteria_assessment (nbPoint, students_id, criteria_id) VALUES (1, 24, 16);
INSERT INTO criteria_assessment (nbPoint, students_id, criteria_id) VALUES (0, 24, 17);
INSERT INTO criteria_assessment (nbPoint, students_id, criteria_id) VALUES (0, 24, 18);
INSERT INTO criteria_assessment (nbPoint, students_id, criteria_id) VALUES (0, 24, 19);
INSERT INTO criteria_assessment (nbPoint, students_id, criteria_id) VALUES (0, 24, 20);
INSERT INTO criteria_assessment (nbPoint, students_id, criteria_id) VALUES (5, 24, 21);
INSERT INTO criteria_assessment (nbPoint, students_id, criteria_id) VALUES (2, 24, 22);
INSERT INTO criteria_assessment (nbPoint, students_id, criteria_id) VALUES (0, 24, 23);
INSERT INTO criteria_assessment (nbPoint, students_id, criteria_id) VALUES (1, 24, 24);
INSERT INTO criteria_assessment (nbPoint, students_id, criteria_id) VALUES (2, 24, 25);
INSERT INTO criteria_assessment (nbPoint, students_id, criteria_id) VALUES (1, 24, 26);
INSERT INTO criteria_assessment (nbPoint, students_id, criteria_id) VALUES (1, 24, 27);
INSERT INTO criteria_assessment (nbPoint, students_id, criteria_id) VALUES (1, 24, 28);
INSERT INTO criteria_assessment (nbPoint, students_id, criteria_id) VALUES (0, 25, 7);
INSERT INTO criteria_assessment (nbPoint, students_id, criteria_id) VALUES (0, 25, 8);
INSERT INTO criteria_assessment (nbPoint, students_id, criteria_id) VALUES (1, 25, 9);
INSERT INTO criteria_assessment (nbPoint, students_id, criteria_id) VALUES (1, 25, 10);
INSERT INTO criteria_assessment (nbPoint, students_id, criteria_id) VALUES (1, 25, 11);
INSERT INTO criteria_assessment (nbPoint, students_id, criteria_id) VALUES (1, 25, 12);
INSERT INTO criteria_assessment (nbPoint, students_id, criteria_id) VALUES (0, 25, 13);
INSERT INTO criteria_assessment (nbPoint, students_id, criteria_id) VALUES (1, 25, 14);
INSERT INTO criteria_assessment (nbPoint, students_id, criteria_id) VALUES (1, 25, 15);
INSERT INTO criteria_assessment (nbPoint, students_id, criteria_id) VALUES (1, 25, 16);
INSERT INTO criteria_assessment (nbPoint, students_id, criteria_id) VALUES (0.5, 25, 17);
INSERT INTO criteria_assessment (nbPoint, students_id, criteria_id) VALUES (0, 25, 18);
INSERT INTO criteria_assessment (nbPoint, students_id, criteria_id) VALUES (0, 25, 19);
INSERT INTO criteria_assessment (nbPoint, students_id, criteria_id) VALUES (0, 25, 20);
INSERT INTO criteria_assessment (nbPoint, students_id, criteria_id) VALUES (5, 25, 21);
INSERT INTO criteria_assessment (nbPoint, students_id, criteria_id) VALUES (1, 25, 22);
INSERT INTO criteria_assessment (nbPoint, students_id, criteria_id) VALUES (1, 25, 23);
INSERT INTO criteria_assessment (nbPoint, students_id, criteria_id) VALUES (2, 25, 24);
INSERT INTO criteria_assessment (nbPoint, students_id, criteria_id) VALUES (2, 25, 25);
INSERT INTO criteria_assessment (nbPoint, students_id, criteria_id) VALUES (1, 25, 26);
INSERT INTO criteria_assessment (nbPoint, students_id, criteria_id) VALUES (1, 25, 27);
INSERT INTO criteria_assessment (nbPoint, students_id, criteria_id) VALUES (1, 25, 28);


INSERT INTO evaluation_grids VALUES (2,'ICT-226a','2018-06-12','SI-CA2a');
INSERT INTO students VALUES (1008, 'Berk', 'Benjamin');
INSERT INTO students VALUES (1009, 'Palmer', 'Hall');
INSERT INTO students VALUES (1010, 'Todd', 'Lloyd');
INSERT INTO students VALUES (1011, 'Ezekiel', 'Mcclure');
INSERT INTO students VALUES (1012, 'Carl', 'Harper');
INSERT INTO students VALUES (1013, 'Isaiah', 'Dixon');
INSERT INTO students VALUES (1014, 'Otto', 'Morales');
INSERT INTO students VALUES (1015, 'Travis', 'Levine');


INSERT INTO questions VALUES (1001, 'Global');
INSERT INTO questions VALUES (1002, 'Classes Book et Customer');
INSERT INTO questions VALUES (1003, 'Intégration dans GUI');

INSERT INTO criteria VALUES (1006, 'Convention de nommage', 1, 2, 1001);
INSERT INTO criteria VALUES (1007, 'Indentation & aération', 1, 2, 1001);
INSERT INTO criteria VALUES (1008, 'Book: classe + attributs', 1, 2, 1002);
INSERT INTO criteria VALUES (1009, 'Book: ctor avec copie dans attributs', 2, 2, 1002);
INSERT INTO criteria VALUES (1010, 'Book: IsAvailable() pickedBy == null', 1, 2, 1002);
INSERT INTO criteria VALUES (1011, 'Book: Pick() contrôle de dispo et retour', 1, 2, 1002);
INSERT INTO criteria VALUES (1012, 'Book: Pick() contrôle d_age et retour', 1, 2, 1002);
INSERT INTO criteria VALUES (1013, 'Book: Pick() pickedBy = who', 1, 2, 1002);
INSERT INTO criteria VALUES (1014, 'Book: Return()', 1, 2, 1002);
INSERT INTO criteria VALUES (1015, 'Book: ToString()', 1, 2, 1002);
INSERT INTO criteria VALUES (1016, 'Customer: classe + attributs', 1, 2, 1002);
INSERT INTO criteria VALUES (1017, 'Customer: ctor avec copie dans attributs', 2, 2, 1002);
INSERT INTO criteria VALUES (1018, 'Customer: GetCurrentAge() avec calcul corect', 2, 2, 1002);
INSERT INTO criteria VALUES (1019, 'Customer: ToString()', 1, 2, 1002);
INSERT INTO criteria VALUES (1020, 'AddStockCustomers() complété', 2, 2, 1003);
INSERT INTO criteria VALUES (1021, 'btnAddBook_Click(): new Book', 1, 2, 1003);
INSERT INTO criteria VALUES (1022, 'btnAddBook_Click(): lstBooks.Add(book)', 1, 2, 1003);
INSERT INTO criteria VALUES (1023, 'btnBorrow_Click(): prend le bon Book', 1, 2, 1003);
INSERT INTO criteria VALUES (1024, 'btnBorrow_Click(): appelle Pick() avec bon Customer', 1, 2, 1003);
INSERT INTO criteria VALUES (1025, 'btnBorrow_Click(): gestion des erreurs de Pick()', 1, 2, 1003);
INSERT INTO criteria VALUES (1026, 'btnReturn_Click(): appelle de Return()', 1, 2, 1003);



INSERT INTO criteria_assessment (nbPoint, students_id, criteria_id) VALUES (1, 1008, 1006);
INSERT INTO criteria_assessment (nbPoint, students_id, criteria_id) VALUES (1, 1008, 1007);
INSERT INTO criteria_assessment (nbPoint, students_id, criteria_id) VALUES (1, 1008, 1008);
INSERT INTO criteria_assessment (nbPoint, students_id, criteria_id) VALUES (2, 1008, 1009);
INSERT INTO criteria_assessment (nbPoint, students_id, criteria_id) VALUES (0, 1008, 1010);
INSERT INTO criteria_assessment (nbPoint, students_id, criteria_id) VALUES (0, 1008, 1011);
INSERT INTO criteria_assessment (nbPoint, students_id, criteria_id) VALUES (0, 1008, 1012);
INSERT INTO criteria_assessment (nbPoint, students_id, criteria_id) VALUES (0, 1008, 1013);
INSERT INTO criteria_assessment (nbPoint, students_id, criteria_id) VALUES (0, 1008, 1014);
INSERT INTO criteria_assessment (nbPoint, students_id, criteria_id) VALUES (0, 1008, 1015);
INSERT INTO criteria_assessment (nbPoint, students_id, criteria_id) VALUES (1, 1008, 1016);
INSERT INTO criteria_assessment (nbPoint, students_id, criteria_id) VALUES (2, 1008, 1017);
INSERT INTO criteria_assessment (nbPoint, students_id, criteria_id) VALUES (0, 1008, 1018);
INSERT INTO criteria_assessment (nbPoint, students_id, criteria_id) VALUES (0, 1008, 1019);
INSERT INTO criteria_assessment (nbPoint, students_id, criteria_id) VALUES (1, 1008, 1020);
INSERT INTO criteria_assessment (nbPoint, students_id, criteria_id) VALUES (1, 1008, 1021);
INSERT INTO criteria_assessment (nbPoint, students_id, criteria_id) VALUES (0, 1008, 1022);
INSERT INTO criteria_assessment (nbPoint, students_id, criteria_id) VALUES (0, 1008, 1023);
INSERT INTO criteria_assessment (nbPoint, students_id, criteria_id) VALUES (0, 1008, 1024);
INSERT INTO criteria_assessment (nbPoint, students_id, criteria_id) VALUES (0, 1008, 1025);
INSERT INTO criteria_assessment (nbPoint, students_id, criteria_id) VALUES (0, 1008, 1026);
INSERT INTO criteria_assessment (nbPoint, students_id, criteria_id) VALUES (1, 1009, 1006);
INSERT INTO criteria_assessment (nbPoint, students_id, criteria_id) VALUES (1, 1009, 1007);
INSERT INTO criteria_assessment (nbPoint, students_id, criteria_id) VALUES (1, 1009, 1008);
INSERT INTO criteria_assessment (nbPoint, students_id, criteria_id) VALUES (2, 1009, 1009);
INSERT INTO criteria_assessment (nbPoint, students_id, criteria_id) VALUES (0, 1009, 1010);
INSERT INTO criteria_assessment (nbPoint, students_id, criteria_id) VALUES (0, 1009, 1011);
INSERT INTO criteria_assessment (nbPoint, students_id, criteria_id) VALUES (0, 1009, 1012);
INSERT INTO criteria_assessment (nbPoint, students_id, criteria_id) VALUES (0, 1009, 1013);
INSERT INTO criteria_assessment (nbPoint, students_id, criteria_id) VALUES (0, 1009, 1014);
INSERT INTO criteria_assessment (nbPoint, students_id, criteria_id) VALUES (0.5, 1009, 1015);
INSERT INTO criteria_assessment (nbPoint, students_id, criteria_id) VALUES (1, 1009, 1016);
INSERT INTO criteria_assessment (nbPoint, students_id, criteria_id) VALUES (2, 1009, 1017);
INSERT INTO criteria_assessment (nbPoint, students_id, criteria_id) VALUES (0.5, 1009, 1018);
INSERT INTO criteria_assessment (nbPoint, students_id, criteria_id) VALUES (1, 1009, 1019);
INSERT INTO criteria_assessment (nbPoint, students_id, criteria_id) VALUES (0, 1009, 1020);
INSERT INTO criteria_assessment (nbPoint, students_id, criteria_id) VALUES (0.5, 1009, 1021);
INSERT INTO criteria_assessment (nbPoint, students_id, criteria_id) VALUES (1, 1009, 1022);
INSERT INTO criteria_assessment (nbPoint, students_id, criteria_id) VALUES (0, 1009, 1023);
INSERT INTO criteria_assessment (nbPoint, students_id, criteria_id) VALUES (0, 1009, 1024);
INSERT INTO criteria_assessment (nbPoint, students_id, criteria_id) VALUES (0, 1009, 1025);
INSERT INTO criteria_assessment (nbPoint, students_id, criteria_id) VALUES (0, 1009, 1026);
INSERT INTO criteria_assessment (nbPoint, students_id, criteria_id) VALUES (1, 1010, 1006);
INSERT INTO criteria_assessment (nbPoint, students_id, criteria_id) VALUES (1, 1010, 1007);
INSERT INTO criteria_assessment (nbPoint, students_id, criteria_id) VALUES (1, 1010, 1008);
INSERT INTO criteria_assessment (nbPoint, students_id, criteria_id) VALUES (2, 1010, 1009);
INSERT INTO criteria_assessment (nbPoint, students_id, criteria_id) VALUES (1, 1010, 1010);
INSERT INTO criteria_assessment (nbPoint, students_id, criteria_id) VALUES (0, 1010, 1011);
INSERT INTO criteria_assessment (nbPoint, students_id, criteria_id) VALUES (0, 1010, 1012);
INSERT INTO criteria_assessment (nbPoint, students_id, criteria_id) VALUES (1, 1010, 1013);
INSERT INTO criteria_assessment (nbPoint, students_id, criteria_id) VALUES (1, 1010, 1014);
INSERT INTO criteria_assessment (nbPoint, students_id, criteria_id) VALUES (1, 1010, 1015);
INSERT INTO criteria_assessment (nbPoint, students_id, criteria_id) VALUES (1, 1010, 1016);
INSERT INTO criteria_assessment (nbPoint, students_id, criteria_id) VALUES (2, 1010, 1017);
INSERT INTO criteria_assessment (nbPoint, students_id, criteria_id) VALUES (2, 1010, 1018);
INSERT INTO criteria_assessment (nbPoint, students_id, criteria_id) VALUES (1, 1010, 1019);
INSERT INTO criteria_assessment (nbPoint, students_id, criteria_id) VALUES (1, 1010, 1020);
INSERT INTO criteria_assessment (nbPoint, students_id, criteria_id) VALUES (1, 1010, 1021);
INSERT INTO criteria_assessment (nbPoint, students_id, criteria_id) VALUES (1, 1010, 1022);
INSERT INTO criteria_assessment (nbPoint, students_id, criteria_id) VALUES (0, 1010, 1023);
INSERT INTO criteria_assessment (nbPoint, students_id, criteria_id) VALUES (0, 1010, 1024);
INSERT INTO criteria_assessment (nbPoint, students_id, criteria_id) VALUES (0, 1010, 1025);
INSERT INTO criteria_assessment (nbPoint, students_id, criteria_id) VALUES (0, 1010, 1026);
INSERT INTO criteria_assessment (nbPoint, students_id, criteria_id) VALUES (0, 1011, 1006);
INSERT INTO criteria_assessment (nbPoint, students_id, criteria_id) VALUES (1, 1011, 1007);
INSERT INTO criteria_assessment (nbPoint, students_id, criteria_id) VALUES (1, 1011, 1008);
INSERT INTO criteria_assessment (nbPoint, students_id, criteria_id) VALUES (2, 1011, 1009);
INSERT INTO criteria_assessment (nbPoint, students_id, criteria_id) VALUES (1, 1011, 1010);
INSERT INTO criteria_assessment (nbPoint, students_id, criteria_id) VALUES (1, 1011, 1011);
INSERT INTO criteria_assessment (nbPoint, students_id, criteria_id) VALUES (1, 1011, 1012);
INSERT INTO criteria_assessment (nbPoint, students_id, criteria_id) VALUES (1, 1011, 1013);
INSERT INTO criteria_assessment (nbPoint, students_id, criteria_id) VALUES (1, 1011, 1014);
INSERT INTO criteria_assessment (nbPoint, students_id, criteria_id) VALUES (1, 1011, 1015);
INSERT INTO criteria_assessment (nbPoint, students_id, criteria_id) VALUES (1, 1011, 1016);
INSERT INTO criteria_assessment (nbPoint, students_id, criteria_id) VALUES (2, 1011, 1017);
INSERT INTO criteria_assessment (nbPoint, students_id, criteria_id) VALUES (2, 1011, 1018);
INSERT INTO criteria_assessment (nbPoint, students_id, criteria_id) VALUES (1, 1011, 1019);
INSERT INTO criteria_assessment (nbPoint, students_id, criteria_id) VALUES (2, 1011, 1020);
INSERT INTO criteria_assessment (nbPoint, students_id, criteria_id) VALUES (1, 1011, 1021);
INSERT INTO criteria_assessment (nbPoint, students_id, criteria_id) VALUES (1, 1011, 1022);
INSERT INTO criteria_assessment (nbPoint, students_id, criteria_id) VALUES (1, 1011, 1023);
INSERT INTO criteria_assessment (nbPoint, students_id, criteria_id) VALUES (1, 1011, 1024);
INSERT INTO criteria_assessment (nbPoint, students_id, criteria_id) VALUES (1, 1011, 1025);
INSERT INTO criteria_assessment (nbPoint, students_id, criteria_id) VALUES (1, 1011, 1026);
INSERT INTO criteria_assessment (nbPoint, students_id, criteria_id) VALUES (1, 1012, 1006);
INSERT INTO criteria_assessment (nbPoint, students_id, criteria_id) VALUES (1, 1012, 1007);
INSERT INTO criteria_assessment (nbPoint, students_id, criteria_id) VALUES (1, 1012, 1008);
INSERT INTO criteria_assessment (nbPoint, students_id, criteria_id) VALUES (2, 1012, 1009);
INSERT INTO criteria_assessment (nbPoint, students_id, criteria_id) VALUES (0, 1012, 1010);
INSERT INTO criteria_assessment (nbPoint, students_id, criteria_id) VALUES (0, 1012, 1011);
INSERT INTO criteria_assessment (nbPoint, students_id, criteria_id) VALUES (0, 1012, 1012);
INSERT INTO criteria_assessment (nbPoint, students_id, criteria_id) VALUES (0, 1012, 1013);
INSERT INTO criteria_assessment (nbPoint, students_id, criteria_id) VALUES (0, 1012, 1014);
INSERT INTO criteria_assessment (nbPoint, students_id, criteria_id) VALUES (1, 1012, 1015);
INSERT INTO criteria_assessment (nbPoint, students_id, criteria_id) VALUES (1, 1012, 1016);
INSERT INTO criteria_assessment (nbPoint, students_id, criteria_id) VALUES (2, 1012, 1017);
INSERT INTO criteria_assessment (nbPoint, students_id, criteria_id) VALUES (0, 1012, 1018);
INSERT INTO criteria_assessment (nbPoint, students_id, criteria_id) VALUES (1, 1012, 1019);
INSERT INTO criteria_assessment (nbPoint, students_id, criteria_id) VALUES (0.5, 1012, 1020);
INSERT INTO criteria_assessment (nbPoint, students_id, criteria_id) VALUES (0.5, 1012, 1021);
INSERT INTO criteria_assessment (nbPoint, students_id, criteria_id) VALUES (1, 1012, 1022);
INSERT INTO criteria_assessment (nbPoint, students_id, criteria_id) VALUES (0, 1012, 1023);
INSERT INTO criteria_assessment (nbPoint, students_id, criteria_id) VALUES (0, 1012, 1024);
INSERT INTO criteria_assessment (nbPoint, students_id, criteria_id) VALUES (0, 1012, 1025);
INSERT INTO criteria_assessment (nbPoint, students_id, criteria_id) VALUES (0, 1012, 1026);
INSERT INTO criteria_assessment (nbPoint, students_id, criteria_id) VALUES (1, 1013, 1006);
INSERT INTO criteria_assessment (nbPoint, students_id, criteria_id) VALUES (1, 1013, 1007);
INSERT INTO criteria_assessment (nbPoint, students_id, criteria_id) VALUES (1, 1013, 1008);
INSERT INTO criteria_assessment (nbPoint, students_id, criteria_id) VALUES (2, 1013, 1009);
INSERT INTO criteria_assessment (nbPoint, students_id, criteria_id) VALUES (1, 1013, 1010);
INSERT INTO criteria_assessment (nbPoint, students_id, criteria_id) VALUES (1, 1013, 1011);
INSERT INTO criteria_assessment (nbPoint, students_id, criteria_id) VALUES (1, 1013, 1012);
INSERT INTO criteria_assessment (nbPoint, students_id, criteria_id) VALUES (1, 1013, 1013);
INSERT INTO criteria_assessment (nbPoint, students_id, criteria_id) VALUES (1, 1013, 1014);
INSERT INTO criteria_assessment (nbPoint, students_id, criteria_id) VALUES (1, 1013, 1015);
INSERT INTO criteria_assessment (nbPoint, students_id, criteria_id) VALUES (1, 1013, 1016);
INSERT INTO criteria_assessment (nbPoint, students_id, criteria_id) VALUES (2, 1013, 1017);
INSERT INTO criteria_assessment (nbPoint, students_id, criteria_id) VALUES (2, 1013, 1018);
INSERT INTO criteria_assessment (nbPoint, students_id, criteria_id) VALUES (1, 1013, 1019);
INSERT INTO criteria_assessment (nbPoint, students_id, criteria_id) VALUES (2, 1013, 1020);
INSERT INTO criteria_assessment (nbPoint, students_id, criteria_id) VALUES (1, 1013, 1021);
INSERT INTO criteria_assessment (nbPoint, students_id, criteria_id) VALUES (1, 1013, 1022);
INSERT INTO criteria_assessment (nbPoint, students_id, criteria_id) VALUES (1, 1013, 1023);
INSERT INTO criteria_assessment (nbPoint, students_id, criteria_id) VALUES (1, 1013, 1024);
INSERT INTO criteria_assessment (nbPoint, students_id, criteria_id) VALUES (1, 1013, 1025);
INSERT INTO criteria_assessment (nbPoint, students_id, criteria_id) VALUES (1, 1013, 1026);
INSERT INTO criteria_assessment (nbPoint, students_id, criteria_id) VALUES (1, 1014, 1006);
INSERT INTO criteria_assessment (nbPoint, students_id, criteria_id) VALUES (1, 1014, 1007);
INSERT INTO criteria_assessment (nbPoint, students_id, criteria_id) VALUES (1, 1014, 1008);
INSERT INTO criteria_assessment (nbPoint, students_id, criteria_id) VALUES (2, 1014, 1009);
INSERT INTO criteria_assessment (nbPoint, students_id, criteria_id) VALUES (1, 1014, 1010);
INSERT INTO criteria_assessment (nbPoint, students_id, criteria_id) VALUES (0, 1014, 1011);
INSERT INTO criteria_assessment (nbPoint, students_id, criteria_id) VALUES (0, 1014, 1012);
INSERT INTO criteria_assessment (nbPoint, students_id, criteria_id) VALUES (1, 1014, 1013);
INSERT INTO criteria_assessment (nbPoint, students_id, criteria_id) VALUES (1, 1014, 1014);
INSERT INTO criteria_assessment (nbPoint, students_id, criteria_id) VALUES (1, 1014, 1015);
INSERT INTO criteria_assessment (nbPoint, students_id, criteria_id) VALUES (1, 1014, 1016);
INSERT INTO criteria_assessment (nbPoint, students_id, criteria_id) VALUES (2, 1014, 1017);
INSERT INTO criteria_assessment (nbPoint, students_id, criteria_id) VALUES (2, 1014, 1018);
INSERT INTO criteria_assessment (nbPoint, students_id, criteria_id) VALUES (1, 1014, 1019);
INSERT INTO criteria_assessment (nbPoint, students_id, criteria_id) VALUES (2, 1014, 1020);
INSERT INTO criteria_assessment (nbPoint, students_id, criteria_id) VALUES (1, 1014, 1021);
INSERT INTO criteria_assessment (nbPoint, students_id, criteria_id) VALUES (1, 1014, 1022);
INSERT INTO criteria_assessment (nbPoint, students_id, criteria_id) VALUES (1, 1014, 1023);
INSERT INTO criteria_assessment (nbPoint, students_id, criteria_id) VALUES (1, 1014, 1024);
INSERT INTO criteria_assessment (nbPoint, students_id, criteria_id) VALUES (1, 1014, 1025);
INSERT INTO criteria_assessment (nbPoint, students_id, criteria_id) VALUES (1, 1014, 1026);
INSERT INTO criteria_assessment (nbPoint, students_id, criteria_id) VALUES (1, 1015, 1006);
INSERT INTO criteria_assessment (nbPoint, students_id, criteria_id) VALUES (1, 1015, 1007);
INSERT INTO criteria_assessment (nbPoint, students_id, criteria_id) VALUES (1, 1015, 1008);
INSERT INTO criteria_assessment (nbPoint, students_id, criteria_id) VALUES (2, 1015, 1009);
INSERT INTO criteria_assessment (nbPoint, students_id, criteria_id) VALUES (1, 1015, 1010);
INSERT INTO criteria_assessment (nbPoint, students_id, criteria_id) VALUES (1, 1015, 1011);
INSERT INTO criteria_assessment (nbPoint, students_id, criteria_id) VALUES (1, 1015, 1012);
INSERT INTO criteria_assessment (nbPoint, students_id, criteria_id) VALUES (1, 1015, 1013);
INSERT INTO criteria_assessment (nbPoint, students_id, criteria_id) VALUES (1, 1015, 1014);
INSERT INTO criteria_assessment (nbPoint, students_id, criteria_id) VALUES (1, 1015, 1015);
INSERT INTO criteria_assessment (nbPoint, students_id, criteria_id) VALUES (1, 1015, 1016);
INSERT INTO criteria_assessment (nbPoint, students_id, criteria_id) VALUES (2, 1015, 1017);
INSERT INTO criteria_assessment (nbPoint, students_id, criteria_id) VALUES (2, 1015, 1018);
INSERT INTO criteria_assessment (nbPoint, students_id, criteria_id) VALUES (1, 1015, 1019);
INSERT INTO criteria_assessment (nbPoint, students_id, criteria_id) VALUES (2, 1015, 1020);
INSERT INTO criteria_assessment (nbPoint, students_id, criteria_id) VALUES (1, 1015, 1021);
INSERT INTO criteria_assessment (nbPoint, students_id, criteria_id) VALUES (1, 1015, 1022);
INSERT INTO criteria_assessment (nbPoint, students_id, criteria_id) VALUES (1, 1015, 1023);
INSERT INTO criteria_assessment (nbPoint, students_id, criteria_id) VALUES (1, 1015, 1024);
INSERT INTO criteria_assessment (nbPoint, students_id, criteria_id) VALUES (1, 1015, 1025);
INSERT INTO criteria_assessment (nbPoint, students_id, criteria_id) VALUES (1, 1015, 1026);
